sample_index,sample_id,source,file_name,public_source
0,casie__1662.json,casie,1662.json,casie
1,casie__10330.json,casie,10330.json,casie
2,casie__410.json,casie,410.json,casie
3,casie__10209.json,casie,10209.json,casie
4,casie__1077.json,casie,1077.json,casie
5,casie__10205.json,casie,10205.json,casie
6,casie__10104.json,casie,10104.json,casie
7,casie__1592.json,casie,1592.json,casie
8,casie__1024.json,casie,1024.json,casie
9,casie__2604.json,casie,2604.json,casie
10,casie__10276.json,casie,10276.json,casie
11,casie__10242.json,casie,10242.json,casie
12,casie__769.json,casie,769.json,casie
13,casie__10223.json,casie,10223.json,casie
14,casie__10303.json,casie,10303.json,casie
15,casie__10179.json,casie,10179.json,casie
16,casie__10033.json,casie,10033.json,casie
17,casie__2173.json,casie,2173.json,casie
18,casie__365.json,casie,365.json,casie
19,casie__10037.json,casie,10037.json,casie
20,casie__638.json,casie,638.json,casie
21,casie__10151.json,casie,10151.json,casie
22,casie__10182.json,casie,10182.json,casie
23,casie__2056.json,casie,2056.json,casie
24,casie__10333.json,casie,10333.json,casie
25,casie__10188.json,casie,10188.json,casie
26,casie__10191.json,casie,10191.json,casie
27,casie__10287.json,casie,10287.json,casie
28,casie__10141.json,casie,10141.json,casie
29,casie__2661.json,casie,2661.json,casie
30,casie__2073.json,casie,2073.json,casie
31,casie__2288.json,casie,2288.json,casie
32,casie__1782.json,casie,1782.json,casie
33,casie__364.json,casie,364.json,casie
34,casie__1656.json,casie,1656.json,casie
35,casie__10088.json,casie,10088.json,casie
36,casie__10341.json,casie,10341.json,casie
37,casie__10206.json,casie,10206.json,casie
38,casie__1103.json,casie,1103.json,casie
39,casie__216.json,casie,216.json,casie
40,casie__2105.json,casie,2105.json,casie
41,casie__10057.json,casie,10057.json,casie
42,casie__10249.json,casie,10249.json,casie
43,casie__10227.json,casie,10227.json,casie
44,casie__10359.json,casie,10359.json,casie
45,casie__1120.json,casie,1120.json,casie
46,casie__1693.json,casie,1693.json,casie
47,casie__10215.json,casie,10215.json,casie
48,casie__10150.json,casie,10150.json,casie
49,casie__10047.json,casie,10047.json,casie
50,ctinexus__sea-turtle-cyber-espionage-campaign.json,ctinexus,sea-turtle-cyber-espionage-campaign.json,ctinexus
51,ctinexus__attackers-target-max-severity-apache-activemq-bug-to-drop-ransomware.json,ctinexus,attackers-target-max-severity-apache-activemq-bug-to-drop-ransomware.json,ctinexus
52,ctinexus__two-campaigns-by-north-korea-bad-actors-target-job-hunters.json,ctinexus,two-campaigns-by-north-korea-bad-actors-target-job-hunters.json,ctinexus
53,ctinexus__evasive-jupyter-infostealer-campaign-dangerous-variant.json,ctinexus,evasive-jupyter-infostealer-campaign-dangerous-variant.json,ctinexus
54,ctinexus__in-depth-look-at-yanluowang-ransomware.json,ctinexus,in-depth-look-at-yanluowang-ransomware.json,ctinexus
55,ctinexus__in-depth-look-at-apt35-aka-charming-kitten.json,ctinexus,in-depth-look-at-apt35-aka-charming-kitten.json,ctinexus
56,ctinexus__new-sneaky-xamalicious-android-malware.json,ctinexus,new-sneaky-xamalicious-android-malware.json,ctinexus
57,ctinexus__kasseika-ransomware-uses-antivirus-driver-to-kill-other-antiviruses.json,ctinexus,kasseika-ransomware-uses-antivirus-driver-to-kill-other-antiviruses.json,ctinexus
58,ctinexus__government-backed-actors-exploiting-winrar-vulnerability.json,ctinexus,government-backed-actors-exploiting-winrar-vulnerability.json,ctinexus
59,ctinexus__mastodon-vulnerability-allows-attackers-to-take-over-accounts.json,ctinexus,mastodon-vulnerability-allows-attackers-to-take-over-accounts.json,ctinexus
60,ctinexus__midnight-blizzard-conducts-targeted-social-engineering-over-microsoft-teams.json,ctinexus,midnight-blizzard-conducts-targeted-social-engineering-over-microsoft-teams.json,ctinexus
61,ctinexus__ragnar-locker-ransomware.json,ctinexus,ragnar-locker-ransomware.json,ctinexus
62,ctinexus__malicious-operations-of-exposed-iam-keys-cryptojacking.json,ctinexus,malicious-operations-of-exposed-iam-keys-cryptojacking.json,ctinexus
63,ctinexus__apple-fixes-first-zero-day-bug-exploited-in-attacks-this-year.json,ctinexus,apple-fixes-first-zero-day-bug-exploited-in-attacks-this-year.json,ctinexus
64,ctinexus__russian-hackers-stole-microsoft-corporate-emails-in-month-long-breach.json,ctinexus,russian-hackers-stole-microsoft-corporate-emails-in-month-long-breach.json,ctinexus
65,ctinexus__moveit-vulnerabilities-exploits.json,ctinexus,moveit-vulnerabilities-exploits.json,ctinexus
66,ctinexus__fortra-warns-of-new-critical-goanywhere-mft-auth-bypass-patch-now.json,ctinexus,fortra-warns-of-new-critical-goanywhere-mft-auth-bypass-patch-now.json,ctinexus
67,ctinexus__0-days-exploited-by-commercial-surveillance-vendor-in-egypt.json,ctinexus,0-days-exploited-by-commercial-surveillance-vendor-in-egypt.json,ctinexus
68,ctinexus__ransomware-spotlight-targetcompany.json,ctinexus,ransomware-spotlight-targetcompany.json,ctinexus
69,ctinexus__pensive-ursa-uses-upgraded-kazuar-backdoor_1.json,ctinexus,pensive-ursa-uses-upgraded-kazuar-backdoor_1.json,ctinexus
70,ctinexus__vultur-android-malware-gets-extensive-device-interaction-capabilities.json,ctinexus,vultur-android-malware-gets-extensive-device-interaction-capabilities.json,ctinexus
71,ctinexus__global-teamcity-exploitation-opens-door-to-solarwinds-style-nightmare.json,ctinexus,global-teamcity-exploitation-opens-door-to-solarwinds-style-nightmare.json,ctinexus
72,ctinexus__kimsuky-hackers-deploying-appleseed.json,ctinexus,kimsuky-hackers-deploying-appleseed.json,ctinexus
73,ctinexus__chinese-hackers-exploit-vmware-bug-as-zero-day-for-two-years.json,ctinexus,chinese-hackers-exploit-vmware-bug-as-zero-day-for-two-years.json,ctinexus
74,ctinexus__cloaked-ursa-phishing.json,ctinexus,cloaked-ursa-phishing.json,ctinexus
75,ctinexus__volt-typhoon-targets-us-critical-infrastructure-with-living-off-the-land-techniques.json,ctinexus,volt-typhoon-targets-us-critical-infrastructure-with-living-off-the-land-techniques.json,ctinexus
76,ctinexus__two-microsoft-zero-day-vulnerabilities-exploited-by-attackers.json,ctinexus,two-microsoft-zero-day-vulnerabilities-exploited-by-attackers.json,ctinexus
77,ctinexus__ransomware-spotlight-lockbit.json,ctinexus,ransomware-spotlight-lockbit.json,ctinexus
78,ctinexus__threat-group-using-rare-data-transfer-tactic-in-new-remcosrat-campaign.json,ctinexus,threat-group-using-rare-data-transfer-tactic-in-new-remcosrat-campaign.json,ctinexus
79,ctinexus__star-blizzard-increases-sophistication-and-evasion-in-ongoing-attacks.json,ctinexus,star-blizzard-increases-sophistication-and-evasion-in-ongoing-attacks.json,ctinexus
80,ctinexus__purplefox-malware-infects-thousands-of-computers-in-ukraine.json,ctinexus,purplefox-malware-infects-thousands-of-computers-in-ukraine.json,ctinexus
81,ctinexus__everything-you-need-to-know-about-apt-fancy-bear.json,ctinexus,everything-you-need-to-know-about-apt-fancy-bear.json,ctinexus
82,ctinexus__apts-swarm-zimbra-zero-day-to-steal-government-info-worldwide.json,ctinexus,apts-swarm-zimbra-zero-day-to-steal-government-info-worldwide.json,ctinexus
83,ctinexus__pegasus-forcedentry-protection.json,ctinexus,pegasus-forcedentry-protection.json,ctinexus
84,ctinexus__public-exploits-atlassian-confluence-flaw.json,ctinexus,public-exploits-atlassian-confluence-flaw.json,ctinexus
85,ctinexus__ryuk-2020-distributing-ransomware-via-trickbot-and-bazarloader.json,ctinexus,ryuk-2020-distributing-ransomware-via-trickbot-and-bazarloader.json,ctinexus
86,ctinexus__apache-erp-0day-underscores-dangers-of-incomplete-patches.json,ctinexus,apache-erp-0day-underscores-dangers-of-incomplete-patches.json,ctinexus
87,ctinexus__hackers-start-exploiting-critical-atlassian-confluence-rce-flaw.json,ctinexus,hackers-start-exploiting-critical-atlassian-confluence-rce-flaw.json,ctinexus
88,ctinexus__peach-sandstorm-password-spray-campaigns-enable-intelligence-collection-at-high-value-targets.json,ctinexus,peach-sandstorm-password-spray-campaigns-enable-intelligence-collection-at-high-value-targets.json,ctinexus
89,ctinexus__black-basta-bl00dy-ransomware-exploiting-recent-screenconnect-flaws.json,ctinexus,black-basta-bl00dy-ransomware-exploiting-recent-screenconnect-flaws.json,ctinexus
90,ctinexus__reservation-links-prey-on-travelers.json,ctinexus,reservation-links-prey-on-travelers.json,ctinexus
91,ctinexus__ransomware-spotlight-akira.json,ctinexus,ransomware-spotlight-akira.json,ctinexus
92,ctinexus__new-iranian-apt-data-extraction-tool.json,ctinexus,new-iranian-apt-data-extraction-tool.json,ctinexus
93,ctinexus__iphone-users-urged-to-update-to-patch-2-zero-days-under-attack.json,ctinexus,iphone-users-urged-to-update-to-patch-2-zero-days-under-attack.json,ctinexus
94,ctinexus__critical-risk-in-google-workspace-delegation-feature.json,ctinexus,critical-risk-in-google-workspace-delegation-feature.json,ctinexus
95,ctinexus__ransomware-spotlight-ransomexx.json,ctinexus,ransomware-spotlight-ransomexx.json,ctinexus
96,ctinexus__russia-star-blizzard-apt-upgrades-stealth-unmasked.json,ctinexus,russia-star-blizzard-apt-upgrades-stealth-unmasked.json,ctinexus
97,ctinexus__ransomware-spotlight-clop.json,ctinexus,ransomware-spotlight-clop.json,ctinexus
98,ctinexus__comcast-xfinity-breached-citrix-bleed-35m-customers.json,ctinexus,comcast-xfinity-breached-citrix-bleed-35m-customers.json,ctinexus
99,ctinexus__microsoft-zeroday-exploit.json,ctinexus,microsoft-zeroday-exploit.json,ctinexus
100,malkg__201302SymantecCommentCrew.txt,malkg,201302SymantecCommentCrew.txt,malkg
101,malkg__201409ClearSkyGholee.txt,malkg,201409ClearSkyGholee.txt,malkg
102,malkg__201211NormanXtremeRat.txt,malkg,201211NormanXtremeRat.txt,malkg
103,malkg__201209CitizenLabIEXPL0RERAT.txt,malkg,201209CitizenLabIEXPL0RERAT.txt,malkg
104,malkg__201202DellSecureWorksSinDigoo.txt,malkg,201202DellSecureWorksSinDigoo.txt,malkg
105,malkg__201201TrendMicroHeartBeat.txt,malkg,201201TrendMicroHeartBeat.txt,malkg
106,malkg__201411SymantecCloudyOmega.txt,malkg,201411SymantecCloudyOmega.txt,malkg
107,malkg__201302SymantecStuxnet.txt,malkg,201302SymantecStuxnet.txt,malkg
108,malkg__201304FireEyeTrojanAPTBaneChant.txt,malkg,201304FireEyeTrojanAPTBaneChant.txt,malkg
109,malkg__201209DellSecureWorksMirage.txt,malkg,201209DellSecureWorksMirage.txt,malkg
110,malkg__201901RockeGroupXbash.txt,malkg,201901RockeGroupXbash.txt,malkg
111,malkg__201303FidelisDarkSeoulJokra.txt,malkg,201303FidelisDarkSeoulJokra.txt,malkg
112,malkg__201411ESETRoamingTiger.txt,malkg,201411ESETRoamingTiger.txt,malkg
113,malkg__201209RSAFirstWatchVOHO.txt,malkg,201209RSAFirstWatchVOHO.txt,malkg
114,malkg__201102McAfeeNightDragon.txt,malkg,201102McAfeeNightDragon.txt,malkg
115,malkg__201109TrendLabsLuridDownloader.txt,malkg,201109TrendLabsLuridDownloader.txt,malkg
116,malkg__201207WiredDarkComet.txt,malkg,201207WiredDarkComet.txt,malkg
117,malkg__201203ContextInformationSecurityCrouchingTiger.txt,malkg,201203ContextInformationSecurityCrouchingTiger.txt,malkg
118,malkg__201412CylanceOperationCleaver.txt,malkg,201412CylanceOperationCleaver.txt,malkg
119,malkg__201208TrendMicroTaidoor.txt,malkg,201208TrendMicroTaidoor.txt,malkg
120,malkg__201407VinsulaSayad.txt,malkg,201407VinsulaSayad.txt,malkg
121,malkg__201303CIRCLPlugX.txt,malkg,201303CIRCLPlugX.txt,malkg
122,malkg__201405FireEyeSaffronRose.txt,malkg,201405FireEyeSaffronRose.txt,malkg
123,malkg__201306FireEyeSeinUp.txt,malkg,201306FireEyeSeinUp.txt,malkg
124,malkg__201403TrendMicroSiesta.txt,malkg,201403TrendMicroSiesta.txt,malkg
125,malkg__201302KasperskyLabsMiniDuke.txt,malkg,201302KasperskyLabsMiniDuke.txt,malkg
126,malkg__201303itrustPoisonIvy.txt,malkg,201303itrustPoisonIvy.txt,malkg
127,malkg__201304BitdefenderMiniDuke.txt,malkg,201304BitdefenderMiniDuke.txt,malkg
128,malkg__201110Zscaler1php.txt,malkg,201110Zscaler1php.txt,malkg
129,malkg__201204SecureListSabPub.txt,malkg,201204SecureListSabPub.txt,malkg
130,malkg__201305CIRCLMiniDuke.txt,malkg,201305CIRCLMiniDuke.txt,malkg
131,malkg__201305NormanHangover.txt,malkg,201305NormanHangover.txt,malkg
132,malkg__201205SymantecFlamer.txt,malkg,201205SymantecFlamer.txt,malkg
133,malkg__201411CrowdStrikeDeepPanda.txt,malkg,201411CrowdStrikeDeepPanda.txt,malkg
134,malkg__201411FSecureOnionDuke.txt,malkg,201411FSecureOnionDuke.txt,malkg
135,malkg__201411FireEyeOperationDoubleTap.txt,malkg,201411FireEyeOperationDoubleTap.txt,malkg
136,malkg__201305WeLiveSecurityPakistanAttack.txt,malkg,201305WeLiveSecurityPakistanAttack.txt,malkg
137,malkg__201306Rapid7KeyBoy.txt,malkg,201306Rapid7KeyBoy.txt,malkg
138,malkg__201211DunhamWickedRose.txt,malkg,201211DunhamWickedRose.txt,malkg
139,malkg__201403FireEyeSiesta.txt,malkg,201403FireEyeSiesta.txt,malkg
140,malkg__201407CrowdStrikeDeepPanda.txt,malkg,201407CrowdStrikeDeepPanda.txt,malkg
141,malkg__201303CitizenLabFinFisher.txt,malkg,201303CitizenLabFinFisher.txt,malkg
142,malkg__201306NormanMaudi.txt,malkg,201306NormanMaudi.txt,malkg
143,malkg__201109CommandFiveSKHack.txt,malkg,201109CommandFiveSKHack.txt,malkg
144,malkg__201503CrowdStrikeChinaChopper.txt,malkg,201503CrowdStrikeChinaChopper.txt,malkg
145,malkg__201402FireEyeSnowMan.txt,malkg,201402FireEyeSnowMan.txt,malkg
146,malkg__201402CrowdStrikeSakula.txt,malkg,201402CrowdStrikeSakula.txt,malkg
147,malkg__201210MatasanoRAT.txt,malkg,201210MatasanoRAT.txt,malkg
148,malkg__201207CitizenLabLURK.txt,malkg,201207CitizenLabLURK.txt,malkg
149,malkg__201309FireEyeTaidoor.txt,malkg,201309FireEyeTaidoor.txt,malkg
150,securenlp__Aided_Frame_Aided_Direction,securenlp,Aided_Frame_Aided_Direction,securenlp
151,securenlp__fireeye-operation-saffron-rose,securenlp,fireeye-operation-saffron-rose,securenlp
152,"securenlp__Dino,the latest spying malware from an allegedly French espionage group analyzed",securenlp,"Dino,the latest spying malware from an allegedly French espionage group analyzed",securenlp
153,securenlp__Derusbi_Server_Analysis-Final,securenlp,Derusbi_Server_Analysis-Final,securenlp
154,securenlp__Elephantosis,securenlp,Elephantosis,securenlp
155,securenlp__sec14-paper-marczak,securenlp,sec14-paper-marczak,securenlp
156,securenlp__Operation_SnowMan,securenlp,Operation_SnowMan,securenlp
157,securenlp__The_Epic_Turla_Operation,securenlp,The_Epic_Turla_Operation,securenlp
158,securenlp__TA14-353A_wiper,securenlp,TA14-353A_wiper,securenlp
159,securenlp__ASERT-Threat-Intelligence-Brief-2014-07-Illuminating-Etumbot-APT,securenlp,ASERT-Threat-Intelligence-Brief-2014-07-Illuminating-Etumbot-APT,securenlp
160,securenlp__targeted_attacks_against_the_energy_sector,securenlp,targeted_attacks_against_the_energy_sector,securenlp
161,securenlp__KL_Epic_Turla_Technical_Appendix_20140806,securenlp,KL_Epic_Turla_Technical_Appendix_20140806,securenlp
162,securenlp__HPSR SecurityBriefing_Episode16_NorthKorea,securenlp,HPSR SecurityBriefing_Episode16_NorthKorea,securenlp
163,securenlp__darkhotelappendixindicators_kl,securenlp,darkhotelappendixindicators_kl,securenlp
164,securenlp__CmstarDownloader_Lurid_Enfal_Cousin,securenlp,CmstarDownloader_Lurid_Enfal_Cousin,securenlp
165,securenlp__Cylance_Operation_Cleaver_Report,securenlp,Cylance_Operation_Cleaver_Report,securenlp
166,securenlp__Targeting_Syrian_ISIS_Critics,securenlp,Targeting_Syrian_ISIS_Critics,securenlp
167,securenlp__apt28,securenlp,apt28,securenlp
168,securenlp__Hikit_Analysis-Final,securenlp,Hikit_Analysis-Final,securenlp
169,securenlp__CloudAtlas_RedOctober_APT,securenlp,CloudAtlas_RedOctober_APT,securenlp
170,securenlp__Korplug_Afghanistan_Tajikistan,securenlp,Korplug_Afghanistan_Tajikistan,securenlp
171,securenlp__Operation_CloudyOmega_Ichitaro,securenlp,Operation_CloudyOmega_Ichitaro,securenlp
172,securenlp__OrcaRAT,securenlp,OrcaRAT,securenlp
173,securenlp__Alienvault_Scanbox,securenlp,Alienvault_Scanbox,securenlp
174,securenlp__operation-poisoned-helmand,securenlp,operation-poisoned-helmand,securenlp
175,securenlp__NetTraveler_Makeover_10th_Birthday,securenlp,NetTraveler_Makeover_10th_Birthday,securenlp
176,securenlp__snake_whitepaper,securenlp,snake_whitepaper,securenlp
177,securenlp__AdversaryIntelligenceReport_DeepPanda_0 (1),securenlp,AdversaryIntelligenceReport_DeepPanda_0 (1),securenlp
178,securenlp__bcs_wp_InceptionReport_EN_v12914,securenlp,bcs_wp_InceptionReport_EN_v12914,securenlp
179,securenlp__Pitty_Tiger_Final_Report,securenlp,Pitty_Tiger_Final_Report,securenlp
180,securenlp__Compromise_Greece_Beijing,securenlp,Compromise_Greece_Beijing,securenlp
181,securenlp__ANALYSIS-ON-APT-TO-BE-ATTACK-THAT-FOCUSING-ON-CHINAS-GOVERNMENT-AGENCY-,securenlp,ANALYSIS-ON-APT-TO-BE-ATTACK-THAT-FOCUSING-ON-CHINAS-GOVERNMENT-AGENCY-,securenlp
182,securenlp__Operation_Poisoned_Handover,securenlp,Operation_Poisoned_Handover,securenlp
183,securenlp__The_Uroburos_case,securenlp,The_Uroburos_case,securenlp
184,securenlp__Micro-Targeted-Malvertising-WP-10-27-14-1,securenlp,Micro-Targeted-Malvertising-WP-10-27-14-1,securenlp
185,securenlp__The_Monju_Incident,securenlp,The_Monju_Incident,securenlp
186,securenlp__Miniduke_twitter,securenlp,Miniduke_twitter,securenlp
187,securenlp__Regis_The_Intercept,securenlp,Regis_The_Intercept,securenlp
188,securenlp__BlackEnergy2_Plugins_Router,securenlp,BlackEnergy2_Plugins_Router,securenlp
189,securenlp__Duke_cloud_Linux,securenlp,Duke_cloud_Linux,securenlp
190,securenlp__fireeye-sidewinder-targeted-attack,securenlp,fireeye-sidewinder-targeted-attack,securenlp
191,securenlp__Darwin_fav_APT_Group,securenlp,Darwin_fav_APT_Group,securenlp
192,securenlp__OperationDoubleTap,securenlp,OperationDoubleTap,securenlp
193,securenlp__NYTimes_Attackers_Evolve_Quickly,securenlp,NYTimes_Attackers_Evolve_Quickly,securenlp
194,securenlp__duqu2_crysys,securenlp,duqu2_crysys,securenlp
195,securenlp__putter-panda,securenlp,putter-panda,securenlp
196,securenlp__Cylance SPEAR Team_ A Threat Actor Resurfaces,securenlp,Cylance SPEAR Team_ A Threat Actor Resurfaces,securenlp
197,securenlp__CozyDuke,securenlp,CozyDuke,securenlp
198,securenlp__Operation_GreedyWonk,securenlp,Operation_GreedyWonk,securenlp
199,securenlp__ThreatConnect_Operation_Arachnophobia_Report,securenlp,ThreatConnect_Operation_Arachnophobia_Report,securenlp
200,grid__rq1_jun2025_index_0.json,grid,rq1_jun2025_index_0.json,grid
201,grid__rq1_jun2025_index_1.json,grid,rq1_jun2025_index_1.json,grid
202,grid__rq1_jun2025_index_10.json,grid,rq1_jun2025_index_10.json,grid
203,grid__rq1_jun2025_index_11.json,grid,rq1_jun2025_index_11.json,grid
204,grid__rq1_jun2025_index_12.json,grid,rq1_jun2025_index_12.json,grid
205,grid__rq1_jun2025_index_13.json,grid,rq1_jun2025_index_13.json,grid
206,grid__rq1_jun2025_index_14.json,grid,rq1_jun2025_index_14.json,grid
207,grid__rq1_jun2025_index_15.json,grid,rq1_jun2025_index_15.json,grid
208,grid__rq1_jun2025_index_16.json,grid,rq1_jun2025_index_16.json,grid
209,grid__rq1_jun2025_index_17.json,grid,rq1_jun2025_index_17.json,grid
210,grid__rq1_jun2025_index_18.json,grid,rq1_jun2025_index_18.json,grid
211,grid__rq1_jun2025_index_19.json,grid,rq1_jun2025_index_19.json,grid
212,grid__rq1_jun2025_index_2.json,grid,rq1_jun2025_index_2.json,grid
213,grid__rq1_jun2025_index_21.json,grid,rq1_jun2025_index_21.json,grid
214,grid__rq1_jun2025_index_22.json,grid,rq1_jun2025_index_22.json,grid
215,grid__rq1_jun2025_index_23.json,grid,rq1_jun2025_index_23.json,grid
216,grid__rq1_jun2025_index_24.json,grid,rq1_jun2025_index_24.json,grid
217,grid__rq1_jun2025_index_25.json,grid,rq1_jun2025_index_25.json,grid
218,grid__rq1_jun2025_index_26.json,grid,rq1_jun2025_index_26.json,grid
219,grid__rq1_jun2025_index_27.json,grid,rq1_jun2025_index_27.json,grid
220,grid__rq1_jun2025_index_29.json,grid,rq1_jun2025_index_29.json,grid
221,grid__rq1_jun2025_index_30.json,grid,rq1_jun2025_index_30.json,grid
222,grid__rq1_jun2025_index_32.json,grid,rq1_jun2025_index_32.json,grid
223,grid__rq1_jun2025_index_33.json,grid,rq1_jun2025_index_33.json,grid
224,grid__rq1_jun2025_index_34.json,grid,rq1_jun2025_index_34.json,grid
225,grid__rq1_jun2025_index_35.json,grid,rq1_jun2025_index_35.json,grid
226,grid__rq1_jun2025_index_36.json,grid,rq1_jun2025_index_36.json,grid
227,grid__rq1_jun2025_index_37.json,grid,rq1_jun2025_index_37.json,grid
228,grid__rq1_jun2025_index_38.json,grid,rq1_jun2025_index_38.json,grid
229,grid__rq1_jun2025_index_4.json,grid,rq1_jun2025_index_4.json,grid
230,grid__rq1_jun2025_index_40.json,grid,rq1_jun2025_index_40.json,grid
231,grid__rq1_jun2025_index_41.json,grid,rq1_jun2025_index_41.json,grid
232,grid__rq1_jun2025_index_42.json,grid,rq1_jun2025_index_42.json,grid
233,grid__rq1_jun2025_index_43.json,grid,rq1_jun2025_index_43.json,grid
234,grid__rq1_jun2025_index_45.json,grid,rq1_jun2025_index_45.json,grid
235,grid__rq1_jun2025_index_46.json,grid,rq1_jun2025_index_46.json,grid
236,grid__rq1_jun2025_index_47.json,grid,rq1_jun2025_index_47.json,grid
237,grid__rq1_jun2025_index_48.json,grid,rq1_jun2025_index_48.json,grid
238,grid__rq1_jun2025_index_5.json,grid,rq1_jun2025_index_5.json,grid
239,grid__rq1_jun2025_index_50.json,grid,rq1_jun2025_index_50.json,grid
240,grid__rq1_jun2025_index_51.json,grid,rq1_jun2025_index_51.json,grid
241,grid__rq1_jun2025_index_53.json,grid,rq1_jun2025_index_53.json,grid
242,grid__rq1_jun2025_index_54.json,grid,rq1_jun2025_index_54.json,grid
243,grid__rq1_jun2025_index_56.json,grid,rq1_jun2025_index_56.json,grid
244,grid__rq1_jun2025_index_57.json,grid,rq1_jun2025_index_57.json,grid
245,grid__rq1_jun2025_index_6.json,grid,rq1_jun2025_index_6.json,grid
246,grid__rq1_jun2025_index_7.json,grid,rq1_jun2025_index_7.json,grid
247,grid__rq1_jun2025_index_8.json,grid,rq1_jun2025_index_8.json,grid
248,grid__rq1_jun2025_index_9.json,grid,rq1_jun2025_index_9.json,grid
